datetime,abs_datetime,t_ms,vP0,vP1,vP2,vF,rssi
2026-03-29 00:51:59.426,2026-03-29 00:51:58.755,14063,0.5547,0.5544,0.5555,0.5550,-31
2026-03-29 00:51:59.981,2026-03-29 00:51:59.442,14750,0.5546,0.5543,0.5553,0.5549,-31
2026-03-29 00:52:00.537,2026-03-29 00:52:00.129,15437,0.5544,0.5546,0.5555,0.5550,-31
2026-03-29 00:52:01.092,2026-03-29 00:52:00.816,16124,0.5544,0.5547,0.5554,0.5550,-31
2026-03-29 00:52:01.649,2026-03-29 00:52:01.503,16811,0.5543,0.5545,0.5555,0.5550,-31
2026-03-29 00:52:02.260,2026-03-29 00:52:02.190,17498,0.5545,0.5542,0.5552,0.5550,-36
2026-03-29 00:52:02.812,2026-03-29 00:52:02.190,17498,0.5545,0.5542,0.5552,0.5550,-34
2026-03-29 00:52:03.373,2026-03-29 00:52:02.881,18189,0.5542,0.5542,0.5555,0.5551,-34
2026-03-29 00:52:03.931,2026-03-29 00:52:03.567,18875,0.5543,0.5543,0.5552,0.5549,-33
2026-03-29 00:52:04.487,2026-03-29 00:52:04.255,19563,0.5543,0.5542,0.5552,0.5551,-32
2026-03-29 00:52:05.102,2026-03-29 00:52:04.941,20249,0.5539,0.5544,0.5555,0.5553,-32
2026-03-29 00:52:05.661,2026-03-29 00:52:04.941,20249,0.5539,0.5544,0.5555,0.5553,-31
2026-03-29 00:52:06.215,2026-03-29 00:52:05.629,20937,0.5543,0.5544,0.5554,0.5551,-31
2026-03-29 00:52:06.769,2026-03-29 00:52:06.315,21623,0.5543,0.5544,0.5554,0.5554,-30
2026-03-29 00:52:07.324,2026-03-29 00:52:07.003,22311,0.5544,0.5546,0.5556,0.5550,-31
2026-03-29 00:52:07.937,2026-03-29 00:52:07.689,22997,0.5545,0.5546,0.5555,0.5550,-31
2026-03-29 00:52:08.494,2026-03-29 00:52:08.377,23685,0.5544,0.5541,0.5551,0.5549,-31
2026-03-29 00:52:09.050,2026-03-29 00:52:08.377,23685,0.5544,0.5541,0.5551,0.5549,-34
2026-03-29 00:52:09.604,2026-03-29 00:52:09.063,24371,0.5544,0.5547,0.5555,0.5551,-35
2026-03-29 00:52:10.220,2026-03-29 00:52:09.751,25059,0.5543,0.5546,0.5552,0.5549,-37
2026-03-29 00:52:10.777,2026-03-29 00:52:10.437,25745,0.5545,0.5545,0.5555,0.5552,-35
2026-03-29 00:52:11.335,2026-03-29 00:52:11.125,26433,0.5543,0.5542,0.5552,0.5552,-35
2026-03-29 00:52:11.892,2026-03-29 00:52:11.811,27119,0.5548,0.5546,0.5552,0.5550,-34
2026-03-29 00:52:12.446,2026-03-29 00:52:11.811,27119,0.5548,0.5546,0.5552,0.5550,-33
2026-03-29 00:52:13.004,2026-03-29 00:52:12.499,27807,0.5549,0.5543,0.5553,0.5551,-33
2026-03-29 00:52:13.625,2026-03-29 00:52:13.189,28497,0.5546,0.5543,0.5556,0.5550,-33
2026-03-29 00:52:14.187,2026-03-29 00:52:13.876,29184,0.5544,0.5545,0.5556,0.5550,-32
2026-03-29 00:52:14.734,2026-03-29 00:52:14.563,29871,0.5547,0.5544,0.5554,0.5552,-31
2026-03-29 00:52:15.283,2026-03-29 00:52:15.250,30558,0.5545,0.5544,0.5554,0.5551,-33
2026-03-29 00:52:15.866,2026-03-29 00:52:15.250,30558,0.5545,0.5544,0.5554,0.5551,-33
2026-03-29 00:52:16.422,2026-03-29 00:52:15.937,31245,0.5546,0.5546,0.5558,0.5551,-32
2026-03-29 00:52:16.987,2026-03-29 00:52:16.624,31932,0.5544,0.5545,0.5555,0.5549,-32
2026-03-29 00:52:17.547,2026-03-29 00:52:17.311,32619,0.5547,0.5544,0.5557,0.5552,-32
2026-03-29 00:52:18.165,2026-03-29 00:52:17.998,33306,0.5545,0.5543,0.5555,0.5550,-33
2026-03-29 00:52:18.718,2026-03-29 00:52:17.998,33306,0.5545,0.5543,0.5555,0.5550,-34
2026-03-29 00:52:19.275,2026-03-29 00:52:18.685,33993,0.5547,0.5548,0.5553,0.5554,-38
2026-03-29 00:52:19.830,2026-03-29 00:52:19.372,34680,0.5544,0.5547,0.5554,0.5550,-38
2026-03-29 00:52:20.462,2026-03-29 00:52:20.059,35367,0.5546,0.5545,0.5556,0.5552,-37
2026-03-29 00:52:21.017,2026-03-29 00:52:20.746,36054,0.5549,0.5548,0.5554,0.5551,-38
2026-03-29 00:52:21.573,2026-03-29 00:52:21.433,36741,0.5548,0.5550,0.5555,0.5552,-37
2026-03-29 00:52:22.123,2026-03-29 00:52:21.433,36741,0.5548,0.5550,0.5555,0.5552,-36
2026-03-29 00:52:22.689,2026-03-29 00:52:22.120,37428,0.5549,0.5546,0.5556,0.5550,-40
2026-03-29 00:52:23.243,2026-03-29 00:52:22.811,38119,0.5547,0.5547,0.5554,0.5555,-34
2026-03-29 00:52:23.799,2026-03-29 00:52:23.497,38805,0.5548,0.5548,0.5556,0.5553,-33
2026-03-29 00:52:24.415,2026-03-29 00:52:24.185,39493,0.5546,0.5549,0.5554,0.5552,-29
2026-03-29 00:52:24.974,2026-03-29 00:52:24.871,40179,0.5545,0.5544,0.5555,0.5555,-30
2026-03-29 00:52:25.527,2026-03-29 00:52:24.871,40179,0.5545,0.5544,0.5555,0.5555,-34
2026-03-29 00:52:26.079,2026-03-29 00:52:25.559,40867,0.5548,0.5546,0.5556,0.5551,-45
2026-03-29 00:52:26.695,2026-03-29 00:52:26.245,41553,0.5548,0.5547,0.5553,0.5553,-33
2026-03-29 00:52:27.249,2026-03-29 00:52:26.933,42241,0.5546,0.5546,0.5557,0.5552,-36
2026-03-29 00:52:27.802,2026-03-29 00:52:27.619,42927,0.5546,0.5548,0.5554,0.5551,-36
2026-03-29 00:52:28.356,2026-03-29 00:52:28.307,43615,0.5547,0.5546,0.5556,0.5552,-37
2026-03-29 00:52:28.916,2026-03-29 00:52:28.307,43615,0.5547,0.5546,0.5556,0.5552,-36
2026-03-29 00:52:29.536,2026-03-29 00:52:28.993,44301,0.5544,0.5548,0.5558,0.5555,-40
2026-03-29 00:52:30.092,2026-03-29 00:52:29.681,44989,0.5552,0.5543,0.5554,0.5553,-35
2026-03-29 00:52:30.645,2026-03-29 00:52:30.367,45675,0.5548,0.5548,0.5557,0.5552,-35
2026-03-29 00:52:31.186,2026-03-29 00:52:31.055,46363,0.5551,0.5550,0.5552,0.5549,-39
2026-03-29 00:52:31.804,2026-03-29 00:52:31.741,47049,0.5546,0.5544,0.5552,0.5553,-37
2026-03-29 00:52:32.362,2026-03-29 00:52:31.741,47049,0.5546,0.5544,0.5552,0.5553,-37
2026-03-29 00:52:32.922,2026-03-29 00:52:32.429,47737,0.5539,0.5545,0.5555,0.5558,-47
2026-03-29 00:52:33.476,2026-03-29 00:52:33.119,48427,0.5546,0.5543,0.5555,0.5554,-41
2026-03-29 00:52:34.032,2026-03-29 00:52:33.806,49114,0.5547,0.5544,0.5556,0.5551,-42
2026-03-29 00:52:34.607,2026-03-29 00:52:34.505,49813,0.5546,0.5545,0.5552,0.5552,-43
2026-03-29 00:52:35.229,2026-03-29 00:52:34.505,49813,0.5546,0.5545,0.5552,0.5552,-40
2026-03-29 00:52:35.783,2026-03-29 00:52:35.192,50500,0.5547,0.5546,0.5555,0.5552,-53
2026-03-29 00:52:36.339,2026-03-29 00:52:35.879,51187,0.5546,0.5546,0.5556,0.5554,-38
2026-03-29 00:52:36.894,2026-03-29 00:52:36.566,51874,0.5548,0.5547,0.5555,0.5557,-39
2026-03-29 00:52:37.450,2026-03-29 00:52:37.253,52561,0.5549,0.5546,0.5556,0.5553,-41
2026-03-29 00:52:38.004,2026-03-29 00:52:37.940,53248,0.5548,0.5548,0.5557,0.5550,-42
2026-03-29 00:52:38.616,2026-03-29 00:52:37.940,53248,0.5548,0.5548,0.5557,0.5550,-44
2026-03-29 00:52:39.173,2026-03-29 00:52:38.627,53935,0.5549,0.5547,0.5556,0.5553,-44
2026-03-29 00:52:39.727,2026-03-29 00:52:39.314,54622,0.5547,0.5546,0.5555,0.5554,-38
2026-03-29 00:52:40.284,2026-03-29 00:52:40.001,55309,0.5550,0.5545,0.5558,0.5555,-41
2026-03-29 00:52:40.900,2026-03-29 00:52:40.688,55996,0.5547,0.5547,0.5555,0.5552,-42
2026-03-29 00:52:41.453,2026-03-29 00:52:41.375,56683,0.5549,0.5550,0.5556,0.5555,-39
2026-03-29 00:52:42.034,2026-03-29 00:52:41.375,56683,0.5549,0.5550,0.5556,0.5555,-41
2026-03-29 00:52:42.547,2026-03-29 00:52:42.062,57370,0.5548,0.5552,0.5557,0.5555,-43
2026-03-29 00:52:43.168,2026-03-29 00:52:42.749,58057,0.5549,0.5547,0.5555,0.5553,-40
2026-03-29 00:52:43.727,2026-03-29 00:52:43.474,58782,0.5547,0.5546,0.5557,0.5555,-36
2026-03-29 00:52:44.280,2026-03-29 00:52:44.163,59471,0.5545,0.5549,0.5555,0.5552,-45
2026-03-29 00:52:44.838,2026-03-29 00:52:44.163,59471,0.5545,0.5549,0.5555,0.5552,-44
2026-03-29 00:52:45.397,2026-03-29 00:52:44.850,60158,0.5543,0.5547,0.5556,0.5556,-37
2026-03-29 00:52:45.998,2026-03-29 00:52:45.537,60845,0.5547,0.5548,0.5554,0.5554,-35
2026-03-29 00:52:46.554,2026-03-29 00:52:46.224,61532,0.5549,0.5548,0.5557,0.5555,-39
2026-03-29 00:52:47.110,2026-03-29 00:52:46.911,62219,0.5546,0.5550,0.5556,0.5552,-34
2026-03-29 00:52:47.722,2026-03-29 00:52:47.598,62906,0.5548,0.5547,0.5556,0.5554,-39
2026-03-29 00:52:48.278,2026-03-29 00:52:47.598,62906,0.5548,0.5547,0.5556,0.5554,-36
2026-03-29 00:52:48.829,2026-03-29 00:52:48.285,63593,0.5548,0.5548,0.5552,0.5553,-39
2026-03-29 00:52:49.388,2026-03-29 00:52:48.972,64280,0.5550,0.5549,0.5555,0.5557,-41
2026-03-29 00:52:49.944,2026-03-29 00:52:49.659,64967,0.5548,0.5547,0.5558,0.5556,-36
2026-03-29 00:52:50.502,2026-03-29 00:52:50.346,65654,0.5545,0.5546,0.5553,0.5559,-40
2026-03-29 00:52:51.120,2026-03-29 00:52:51.033,66341,0.5533,0.5548,0.5557,0.5558,-39
2026-03-29 00:52:51.643,2026-03-29 00:52:51.033,66341,0.5533,0.5548,0.5557,0.5558,-39
2026-03-29 00:52:52.211,2026-03-29 00:52:51.720,67028,0.5551,0.5547,0.5556,0.5552,-36
2026-03-29 00:52:52.829,2026-03-29 00:52:52.407,67715,0.5545,0.5548,0.5556,0.5554,-35
2026-03-29 00:52:53.383,2026-03-29 00:52:53.097,68405,0.5549,0.5549,0.5557,0.5552,-42
2026-03-29 00:52:53.940,2026-03-29 00:52:53.785,69093,0.5547,0.5551,0.5559,0.5552,-35
2026-03-29 00:52:54.497,2026-03-29 00:52:54.471,69779,0.5547,0.5551,0.5555,0.5553,-36
2026-03-29 00:52:55.056,2026-03-29 00:52:54.471,69779,0.5547,0.5551,0.5555,0.5553,-40
2026-03-29 00:52:55.614,2026-03-29 00:52:55.159,70467,0.5542,0.5545,0.5556,0.5557,-42
2026-03-29 00:52:56.232,2026-03-29 00:52:55.845,71153,0.5549,0.5550,0.5553,0.5553,-42
2026-03-29 00:52:56.785,2026-03-29 00:52:56.533,71841,0.5550,0.5547,0.5558,0.5549,-42
2026-03-29 00:52:57.404,2026-03-29 00:52:57.219,72527,0.5542,0.5547,0.5558,0.5558,-41
2026-03-29 00:52:57.900,2026-03-29 00:52:57.219,72527,0.5542,0.5547,0.5558,0.5558,-42
2026-03-29 00:52:58.522,2026-03-29 00:52:57.907,73215,0.5538,0.5546,0.5558,0.5563,-43
2026-03-29 00:52:59.077,2026-03-29 00:52:58.593,73901,0.5560,0.5548,0.5557,0.5553,-41
2026-03-29 00:52:59.635,2026-03-29 00:52:59.281,74589,0.5548,0.5552,0.5558,0.5553,-39
2026-03-29 00:53:00.191,2026-03-29 00:52:59.967,75275,0.5550,0.5552,0.5555,0.5556,-39
2026-03-29 00:53:00.745,2026-03-29 00:53:00.655,75963,0.5549,0.5547,0.5558,0.5554,-37
2026-03-29 00:53:01.300,2026-03-29 00:53:00.655,75963,0.5549,0.5547,0.5558,0.5554,-38
2026-03-29 00:53:01.915,2026-03-29 00:53:01.341,76649,0.5548,0.5552,0.5558,0.5553,-40
2026-03-29 00:53:02.467,2026-03-29 00:53:02.029,77337,0.5548,0.5549,0.5557,0.5554,-37
2026-03-29 00:53:03.024,2026-03-29 00:53:02.715,78023,0.5549,0.5550,0.5557,0.5554,-41
2026-03-29 00:53:03.581,2026-03-29 00:53:03.406,78714,0.5548,0.5550,0.5558,0.5555,-35
2026-03-29 00:53:04.200,2026-03-29 00:53:04.093,79401,0.5548,0.5550,0.5557,0.5555,-36
2026-03-29 00:53:04.758,2026-03-29 00:53:04.093,79401,0.5548,0.5550,0.5557,0.5555,-45
2026-03-29 00:53:05.315,2026-03-29 00:53:04.780,80088,0.5549,0.5549,0.5558,0.5556,-40
2026-03-29 00:53:05.871,2026-03-29 00:53:05.467,80775,0.5552,0.5550,0.5556,0.5560,-46
2026-03-29 00:53:06.424,2026-03-29 00:53:06.154,81462,0.5539,0.5550,0.5562,0.5555,-44
2026-03-29 00:53:06.984,2026-03-29 00:53:06.841,82149,0.5548,0.5549,0.5559,0.5553,-41
2026-03-29 00:53:07.605,2026-03-29 00:53:07.528,82836,0.5550,0.5550,0.5558,0.5555,-41
2026-03-29 00:53:08.163,2026-03-29 00:53:07.528,82836,0.5550,0.5550,0.5558,0.5555,-53
2026-03-29 00:53:08.718,2026-03-29 00:53:08.215,83523,0.5553,0.5550,0.5557,0.5553,-45
2026-03-29 00:53:09.272,2026-03-29 00:53:08.902,84210,0.5547,0.5550,0.5559,0.5554,-38
2026-03-29 00:53:09.824,2026-03-29 00:53:09.589,84897,0.5547,0.5548,0.5558,0.5556,-39
2026-03-29 00:53:10.428,2026-03-29 00:53:10.276,85584,0.5550,0.5552,0.5559,0.5557,-48
2026-03-29 00:53:11.004,2026-03-29 00:53:10.276,85584,0.5550,0.5552,0.5559,0.5557,-39
2026-03-29 00:53:11.548,2026-03-29 00:53:10.963,86271,0.5549,0.5551,0.5556,0.5554,-40
2026-03-29 00:53:12.102,2026-03-29 00:53:11.650,86958,0.5549,0.5549,0.5556,0.5556,-40
2026-03-29 00:53:12.661,2026-03-29 00:53:12.337,87645,0.5552,0.5550,0.5559,0.5555,-39
2026-03-29 00:53:13.278,2026-03-29 00:53:13.024,88332,0.5548,0.5549,0.5556,0.5555,-40
2026-03-29 00:53:13.817,2026-03-29 00:53:13.715,89023,0.5550,0.5548,0.5556,0.5554,-39
2026-03-29 00:53:14.409,2026-03-29 00:53:13.715,89023,0.5550,0.5548,0.5556,0.5554,-40
2026-03-29 00:53:14.967,2026-03-29 00:53:14.401,89709,0.5552,0.5550,0.5556,0.5553,-40
2026-03-29 00:53:15.524,2026-03-29 00:53:15.089,90397,0.5550,0.5550,0.5557,0.5555,-40
2026-03-29 00:53:16.081,2026-03-29 00:53:15.775,91083,0.5547,0.5548,0.5554,0.5557,-38
2026-03-29 00:53:16.695,2026-03-29 00:53:16.463,91771,0.5550,0.5553,0.5558,0.5554,-39
2026-03-29 00:53:17.252,2026-03-29 00:53:17.149,92457,0.5549,0.5551,0.5558,0.5556,-39
2026-03-29 00:53:17.811,2026-03-29 00:53:17.149,92457,0.5549,0.5551,0.5558,0.5556,-39
2026-03-29 00:53:18.365,2026-03-29 00:53:17.837,93145,0.5550,0.5549,0.5555,0.5556,-39
2026-03-29 00:53:18.921,2026-03-29 00:53:18.523,93831,0.5547,0.5552,0.5556,0.5557,-41
2026-03-29 00:53:19.538,2026-03-29 00:53:19.211,94519,0.5547,0.5550,0.5558,0.5555,-55
2026-03-29 00:53:20.088,2026-03-29 00:53:19.897,95205,0.5550,0.5551,0.5557,0.5558,-49
2026-03-29 00:53:20.637,2026-03-29 00:53:20.585,95893,0.5549,0.5549,0.5554,0.5560,-40
2026-03-29 00:53:21.194,2026-03-29 00:53:20.585,95893,0.5549,0.5549,0.5554,0.5560,-37
2026-03-29 00:53:21.811,2026-03-29 00:53:21.271,96579,0.5544,0.5547,0.5558,0.5557,-39
2026-03-29 00:53:22.365,2026-03-29 00:53:21.959,97267,0.5540,0.5550,0.5558,0.5560,-40
2026-03-29 00:53:22.919,2026-03-29 00:53:22.645,97953,0.5548,0.5549,0.5558,0.5552,-40
2026-03-29 00:53:23.474,2026-03-29 00:53:23.336,98644,0.5548,0.5547,0.5556,0.5557,-39
2026-03-29 00:53:24.034,2026-03-29 00:53:23.336,98644,0.5548,0.5547,0.5556,0.5557,-40
2026-03-29 00:53:24.595,2026-03-29 00:53:24.023,99331,0.5550,0.5547,0.5557,0.5553,-40
2026-03-29 00:53:25.214,2026-03-29 00:53:24.710,100018,0.5547,0.5550,0.5553,0.5550,-40
2026-03-29 00:53:25.772,2026-03-29 00:53:25.397,100705,0.5547,0.5550,0.5560,0.5555,-42
2026-03-29 00:53:26.327,2026-03-29 00:53:26.084,101392,0.5547,0.5549,0.5559,0.5559,-43
2026-03-29 00:53:26.880,2026-03-29 00:53:26.771,102079,0.5561,0.5547,0.5556,0.5556,-41
2026-03-29 00:53:27.436,2026-03-29 00:53:26.771,102079,0.5561,0.5547,0.5556,0.5556,-39
2026-03-29 00:53:28.056,2026-03-29 00:53:27.458,102766,0.5552,0.5548,0.5557,0.5556,-39
2026-03-29 00:53:28.613,2026-03-29 00:53:28.145,103453,0.5548,0.5550,0.5557,0.5559,-39
2026-03-29 00:53:29.170,2026-03-29 00:53:28.832,104140,0.5550,0.5550,0.5559,0.5554,-38
2026-03-29 00:53:29.725,2026-03-29 00:53:29.519,104827,0.5547,0.5550,0.5557,0.5553,-38
2026-03-29 00:53:30.281,2026-03-29 00:53:30.206,105514,0.5551,0.5546,0.5561,0.5556,-39
2026-03-29 00:53:30.843,2026-03-29 00:53:30.206,105514,0.5551,0.5546,0.5561,0.5556,-49
2026-03-29 00:53:31.460,2026-03-29 00:53:30.893,106201,0.5556,0.5543,0.5553,0.5557,-37
2026-03-29 00:53:32.016,2026-03-29 00:53:31.580,106888,0.5553,0.5552,0.5556,0.5552,-37
2026-03-29 00:53:32.577,2026-03-29 00:53:32.267,107575,0.5552,0.5548,0.5558,0.5556,-37
2026-03-29 00:53:33.136,2026-03-29 00:53:32.954,108262,0.5550,0.5552,0.5555,0.5555,-39
2026-03-29 00:53:33.692,2026-03-29 00:53:33.640,108948,0.5553,0.5548,0.5550,0.5552,-39
2026-03-29 00:53:34.246,2026-03-29 00:53:33.640,108948,0.5553,0.5548,0.5550,0.5552,-43
2026-03-29 00:53:34.862,2026-03-29 00:53:34.327,109635,0.5555,0.5549,0.5554,0.5557,-47
2026-03-29 00:53:35.414,2026-03-29 00:53:35.014,110322,0.5542,0.5539,0.5553,0.5563,-38
2026-03-29 00:53:35.968,2026-03-29 00:53:35.701,111009,0.5563,0.5551,0.5559,0.5559,-39
2026-03-29 00:53:36.522,2026-03-29 00:53:36.388,111696,0.5547,0.5554,0.5558,0.5553,-41
2026-03-29 00:53:37.138,2026-03-29 00:53:37.075,112383,0.5550,0.5549,0.5556,0.5554,-42
2026-03-29 00:53:37.662,2026-03-29 00:53:37.075,112383,0.5550,0.5549,0.5556,0.5554,-44
2026-03-29 00:53:38.251,2026-03-29 00:53:37.762,113070,0.5547,0.5549,0.5556,0.5555,-43
2026-03-29 00:53:38.806,2026-03-29 00:53:38.449,113757,0.5549,0.5551,0.5557,0.5558,-43
2026-03-29 00:53:39.393,2026-03-29 00:53:39.136,114444,0.5549,0.5549,0.5558,0.5555,-53
2026-03-29 00:53:39.949,2026-03-29 00:53:39.823,115131,0.5545,0.5551,0.5555,0.5554,-48
2026-03-29 00:53:40.507,2026-03-29 00:53:39.823,115131,0.5545,0.5551,0.5555,0.5554,-39
2026-03-29 00:53:41.061,2026-03-29 00:53:40.510,115818,0.5551,0.5552,0.5559,0.5556,-40
2026-03-29 00:53:41.682,2026-03-29 00:53:41.197,116505,0.5552,0.5551,0.5557,0.5557,-44
2026-03-29 00:53:42.239,2026-03-29 00:53:41.884,117192,0.5548,0.5551,0.5557,0.5556,-42
2026-03-29 00:53:42.796,2026-03-29 00:53:42.571,117879,0.5550,0.5552,0.5556,0.5556,-43
2026-03-29 00:53:43.353,2026-03-29 00:53:43.262,118570,0.5549,0.5551,0.5558,0.5555,-42
2026-03-29 00:53:43.912,2026-03-29 00:53:43.262,118570,0.5549,0.5551,0.5558,0.5555,-43
2026-03-29 00:53:44.532,2026-03-29 00:53:43.948,119256,0.5548,0.5550,0.5553,0.5555,-43
2026-03-29 00:53:45.089,2026-03-29 00:53:44.636,119944,0.5546,0.5547,0.5559,0.5556,-50
2026-03-29 00:53:45.647,2026-03-29 00:53:45.322,120630,0.5553,0.5549,0.5557,0.5554,-39
2026-03-29 00:53:46.216,2026-03-29 00:53:46.010,121318,0.5547,0.5550,0.5558,0.5552,-39
2026-03-29 00:53:46.739,2026-03-29 00:53:46.696,122004,0.5551,0.5549,0.5556,0.5551,-38
2026-03-29 00:53:47.360,2026-03-29 00:53:46.696,122004,0.5551,0.5549,0.5556,0.5551,-39
2026-03-29 00:53:47.916,2026-03-29 00:53:47.384,122692,0.5549,0.5550,0.5557,0.5553,-38
2026-03-29 00:53:48.474,2026-03-29 00:53:48.070,123378,0.5549,0.5547,0.5555,0.5558,-40
2026-03-29 00:53:49.046,2026-03-29 00:53:48.758,124066,0.5545,0.5549,0.5559,0.5554,-39
2026-03-29 00:53:49.645,2026-03-29 00:53:49.444,124752,0.5548,0.5550,0.5556,0.5550,-41
2026-03-29 00:53:50.216,2026-03-29 00:53:50.132,125440,0.5549,0.5548,0.5558,0.5554,-44
2026-03-29 00:53:50.818,2026-03-29 00:53:50.132,125440,0.5549,0.5548,0.5558,0.5554,-40
2026-03-29 00:53:51.314,2026-03-29 00:53:50.818,126126,0.5550,0.5551,0.5559,0.5554,-43
2026-03-29 00:53:51.935,2026-03-29 00:53:51.506,126814,0.5550,0.5551,0.5557,0.5553,-44
2026-03-29 00:53:52.493,2026-03-29 00:53:52.192,127500,0.5550,0.5551,0.5559,0.5554,-44
2026-03-29 00:53:53.100,2026-03-29 00:53:52.883,128191,0.5548,0.5551,0.5556,0.5555,-45
2026-03-29 00:53:53.597,2026-03-29 00:53:53.570,128878,0.5547,0.5550,0.5557,0.5553,-46
2026-03-29 00:53:54.219,2026-03-29 00:53:53.570,128878,0.5547,0.5550,0.5557,0.5553,-46
2026-03-29 00:53:54.774,2026-03-29 00:53:54.257,129565,0.5549,0.5549,0.5560,0.5555,-45
2026-03-29 00:53:55.331,2026-03-29 00:53:54.944,130252,0.5550,0.5551,0.5557,0.5554,-49
2026-03-29 00:53:55.886,2026-03-29 00:53:55.631,130939,0.5551,0.5551,0.5557,0.5554,-43
2026-03-29 00:53:56.441,2026-03-29 00:53:56.318,131626,0.5550,0.5552,0.5555,0.5555,-38
2026-03-29 00:53:57.059,2026-03-29 00:53:57.005,132313,0.5550,0.5550,0.5555,0.5555,-39
2026-03-29 00:53:57.608,2026-03-29 00:53:57.005,132313,0.5550,0.5550,0.5555,0.5555,-43
2026-03-29 00:53:58.163,2026-03-29 00:53:57.692,133000,0.5550,0.5549,0.5551,0.5555,-42
2026-03-29 00:53:58.718,2026-03-29 00:53:58.379,133687,0.5553,0.5549,0.5559,0.5559,-43
2026-03-29 00:53:59.335,2026-03-29 00:53:59.068,134376,0.5547,0.5549,0.5557,0.5555,-67
2026-03-29 00:53:59.907,2026-03-29 00:53:59.755,135063,0.5552,0.5549,0.5554,0.5554,-41
2026-03-29 00:54:00.464,2026-03-29 00:53:59.755,135063,0.5552,0.5549,0.5554,0.5554,-55
2026-03-29 00:54:01.020,2026-03-29 00:54:00.442,135750,0.5551,0.5553,0.5558,0.5557,-42
2026-03-29 00:54:01.573,2026-03-29 00:54:01.129,136437,0.5547,0.5551,0.5560,0.5554,-39
2026-03-29 00:54:02.169,2026-03-29 00:54:01.816,137124,0.5549,0.5551,0.5557,0.5556,-42
2026-03-29 00:54:02.754,2026-03-29 00:54:02.570,137878,0.5548,0.5551,0.5558,0.5554,-44
2026-03-29 00:54:03.306,2026-03-29 00:54:03.259,138567,0.5551,0.5552,0.5558,0.5554,-44
2026-03-29 00:54:03.885,2026-03-29 00:54:03.259,138567,0.5551,0.5552,0.5558,0.5554,-44
2026-03-29 00:54:04.454,2026-03-29 00:54:03.946,139254,0.5552,0.5551,0.5558,0.5555,-44
2026-03-29 00:54:04.994,2026-03-29 00:54:04.633,139941,0.5549,0.5550,0.5558,0.5557,-44
2026-03-29 00:54:05.578,2026-03-29 00:54:05.320,140628,0.5550,0.5551,0.5559,0.5557,-44
2026-03-29 00:54:06.129,2026-03-29 00:54:06.007,141315,0.5550,0.5547,0.5558,0.5555,-44
2026-03-29 00:54:06.726,2026-03-29 00:54:06.694,142002,0.5550,0.5548,0.5556,0.5555,-43
2026-03-29 00:54:07.281,2026-03-29 00:54:06.694,142002,0.5550,0.5548,0.5556,0.5555,-42
2026-03-29 00:54:07.898,2026-03-29 00:54:07.381,142689,0.5549,0.5549,0.5556,0.5554,-49
2026-03-29 00:54:08.454,2026-03-29 00:54:08.068,143376,0.5549,0.5550,0.5558,0.5555,-49
2026-03-29 00:54:09.006,2026-03-29 00:54:08.755,144063,0.5549,0.5551,0.5559,0.5554,-42
2026-03-29 00:54:09.559,2026-03-29 00:54:09.442,144750,0.5548,0.5552,0.5560,0.5555,-41
2026-03-29 00:54:10.113,2026-03-29 00:54:09.442,144750,0.5548,0.5552,0.5560,0.5555,-42
2026-03-29 00:54:10.733,2026-03-29 00:54:10.129,145437,0.5549,0.5550,0.5558,0.5554,-41
2026-03-29 00:54:11.290,2026-03-29 00:54:10.816,146124,0.5551,0.5552,0.5557,0.5556,-41
2026-03-29 00:54:11.845,2026-03-29 00:54:11.503,146811,0.5551,0.5549,0.5558,0.5556,-42
2026-03-29 00:54:12.397,2026-03-29 00:54:12.193,147501,0.5548,0.5550,0.5556,0.5556,-42
2026-03-29 00:54:12.952,2026-03-29 00:54:12.881,148189,0.5552,0.5553,0.5557,0.5554,-42
2026-03-29 00:54:13.571,2026-03-29 00:54:12.881,148189,0.5552,0.5553,0.5557,0.5554,-42
2026-03-29 00:54:14.124,2026-03-29 00:54:13.567,148875,0.5549,0.5554,0.5561,0.5554,-44
2026-03-29 00:54:14.673,2026-03-29 00:54:14.255,149563,0.5552,0.5549,0.5558,0.5556,-44
2026-03-29 00:54:15.229,2026-03-29 00:54:14.941,150249,0.5549,0.5552,0.5554,0.5555,-48
2026-03-29 00:54:15.845,2026-03-29 00:54:15.629,150937,0.5550,0.5553,0.5559,0.5556,-43
2026-03-29 00:54:16.400,2026-03-29 00:54:16.315,151623,0.5552,0.5550,0.5554,0.5557,-36
2026-03-29 00:54:16.951,2026-03-29 00:54:16.315,151623,0.5552,0.5550,0.5554,0.5557,-43
2026-03-29 00:54:17.505,2026-03-29 00:54:17.003,152311,0.5558,0.5553,0.5559,0.5555,-39
2026-03-29 00:54:18.064,2026-03-29 00:54:17.689,152997,0.5549,0.5552,0.5558,0.5555,-42
2026-03-29 00:54:18.679,2026-03-29 00:54:18.377,153685,0.5555,0.5552,0.5558,0.5555,-42
2026-03-29 00:54:19.236,2026-03-29 00:54:19.063,154371,0.5545,0.5547,0.5555,0.5556,-37
2026-03-29 00:54:19.802,2026-03-29 00:54:19.751,155059,0.5556,0.5547,0.5558,0.5556,-37
2026-03-29 00:54:20.363,2026-03-29 00:54:19.751,155059,0.5556,0.5547,0.5558,0.5556,-40
2026-03-29 00:54:20.921,2026-03-29 00:54:20.437,155745,0.5551,0.5552,0.5559,0.5557,-34
2026-03-29 00:54:21.476,2026-03-29 00:54:21.125,156433,0.5552,0.5549,0.5550,0.5560,-49
2026-03-29 00:54:22.093,2026-03-29 00:54:21.811,157119,0.5563,0.5552,0.5558,0.5558,-38
2026-03-29 00:54:22.650,2026-03-29 00:54:22.502,157810,0.5558,0.5550,0.5556,0.5555,-37
2026-03-29 00:54:23.209,2026-03-29 00:54:22.502,157810,0.5558,0.5550,0.5556,0.5555,-47
2026-03-29 00:54:23.764,2026-03-29 00:54:23.189,158497,0.5551,0.5551,0.5556,0.5554,-40
2026-03-29 00:54:24.321,2026-03-29 00:54:23.876,159184,0.5553,0.5547,0.5556,0.5559,-45
2026-03-29 00:54:24.877,2026-03-29 00:54:24.563,159871,0.5552,0.5546,0.5558,0.5556,-40
2026-03-29 00:54:25.497,2026-03-29 00:54:25.250,160558,0.5567,0.5545,0.5549,0.5540,-46
2026-03-29 00:54:26.055,2026-03-29 00:54:25.937,161245,0.5537,0.5546,0.5557,0.5561,-47
2026-03-29 00:54:27.657,2026-03-29 00:54:27.311,162619,0.5572,0.5553,0.5558,0.5560,-50
2026-03-29 00:54:28.216,2026-03-29 00:54:27.998,163306,0.5558,0.5548,0.5552,0.5551,-41
2026-03-29 00:54:28.831,2026-03-29 00:54:28.685,163993,0.5540,0.5550,0.5565,0.5559,-41
2026-03-29 00:54:29.387,2026-03-29 00:54:28.685,163993,0.5540,0.5550,0.5565,0.5559,-38
2026-03-29 00:54:29.938,2026-03-29 00:54:29.372,164680,0.5557,0.5549,0.5558,0.5554,-55
2026-03-29 00:54:30.494,2026-03-29 00:54:30.059,165367,0.5544,0.5549,0.5562,0.5565,-41
2026-03-29 00:54:31.109,2026-03-29 00:54:30.746,166054,0.5640,0.5591,0.5552,0.5519,-52
2026-03-29 00:54:31.662,2026-03-29 00:54:31.433,166741,0.5565,0.5544,0.5559,0.5546,-44
2026-03-29 00:54:32.220,2026-03-29 00:54:32.123,167431,0.5548,0.5548,0.5559,0.5561,-44
2026-03-29 00:54:32.773,2026-03-29 00:54:32.123,167431,0.5548,0.5548,0.5559,0.5561,-52
2026-03-29 00:54:33.331,2026-03-29 00:54:32.811,168119,0.5547,0.5538,0.5555,0.5553,-47
2026-03-29 00:54:33.948,2026-03-29 00:54:33.499,168807,0.5531,0.5547,0.5560,0.5555,-58
2026-03-29 00:54:34.508,2026-03-29 00:54:34.214,169522,0.5559,0.5550,0.5558,0.5560,-45
2026-03-29 00:54:35.064,2026-03-29 00:54:34.900,170208,0.5565,0.5550,0.5553,0.5554,-40
2026-03-29 00:54:35.621,2026-03-29 00:54:35.588,170896,0.5545,0.5550,0.5554,0.5554,-44
2026-03-29 00:54:36.181,2026-03-29 00:54:35.588,170896,0.5545,0.5550,0.5554,0.5554,-49
2026-03-29 00:54:36.738,2026-03-29 00:54:36.274,171582,0.5550,0.5550,0.5556,0.5554,-44
2026-03-29 00:54:37.360,2026-03-29 00:54:36.962,172270,0.5552,0.5547,0.5557,0.5558,-44
2026-03-29 00:54:37.919,2026-03-29 00:54:37.648,172956,0.5547,0.5552,0.5561,0.5557,-41
2026-03-29 00:54:38.474,2026-03-29 00:54:38.336,173644,0.5551,0.5550,0.5560,0.5557,-49
2026-03-29 00:54:39.029,2026-03-29 00:54:38.336,173644,0.5551,0.5550,0.5560,0.5557,-44
2026-03-29 00:54:39.587,2026-03-29 00:54:39.022,174330,0.5546,0.5551,0.5558,0.5556,-47
2026-03-29 00:54:40.140,2026-03-29 00:54:39.710,175018,0.5550,0.5551,0.5560,0.5554,-43
2026-03-29 00:54:40.755,2026-03-29 00:54:40.396,175704,0.5552,0.5551,0.5556,0.5554,-43
2026-03-29 00:54:41.312,2026-03-29 00:54:41.084,176392,0.5553,0.5549,0.5562,0.5556,-51
2026-03-29 00:54:41.868,2026-03-29 00:54:41.774,177082,0.5553,0.5551,0.5558,0.5557,-42
2026-03-29 00:54:42.425,2026-03-29 00:54:41.774,177082,0.5553,0.5551,0.5558,0.5557,-41
2026-03-29 00:54:42.979,2026-03-29 00:54:42.461,177769,0.5548,0.5550,0.5560,0.5556,-45
2026-03-29 00:54:43.598,2026-03-29 00:54:43.148,178456,0.5551,0.5551,0.5558,0.5557,-46
2026-03-29 00:54:44.159,2026-03-29 00:54:43.835,179143,0.5555,0.5547,0.5559,0.5560,-47
2026-03-29 00:54:44.718,2026-03-29 00:54:44.522,179830,0.5548,0.5551,0.5558,0.5557,-43
2026-03-29 00:54:45.275,2026-03-29 00:54:45.209,180517,0.5551,0.5551,0.5561,0.5558,-44
2026-03-29 00:54:45.830,2026-03-29 00:54:45.209,180517,0.5551,0.5551,0.5561,0.5558,-42
2026-03-29 00:54:46.386,2026-03-29 00:54:45.896,181204,0.5543,0.5546,0.5558,0.5552,-38
2026-03-29 00:54:47.003,2026-03-29 00:54:46.583,181891,0.5546,0.5550,0.5560,0.5554,-42
2026-03-29 00:54:47.558,2026-03-29 00:54:47.270,182578,0.5550,0.5551,0.5559,0.5555,-45
2026-03-29 00:54:48.115,2026-03-29 00:54:47.957,183265,0.5550,0.5551,0.5558,0.5557,-42
2026-03-29 00:54:48.671,2026-03-29 00:54:48.644,183952,0.5550,0.5552,0.5556,0.5555,-41
2026-03-29 00:54:49.225,2026-03-29 00:54:48.644,183952,0.5550,0.5552,0.5556,0.5555,-40
2026-03-29 00:54:49.840,2026-03-29 00:54:49.331,184639,0.5549,0.5549,0.5559,0.5557,-46
2026-03-29 00:54:50.399,2026-03-29 00:54:50.018,185326,0.5550,0.5551,0.5560,0.5553,-44
2026-03-29 00:54:50.958,2026-03-29 00:54:50.705,186013,0.5563,0.5551,0.5562,0.5552,-37
2026-03-29 00:54:51.516,2026-03-29 00:54:51.396,186704,0.5544,0.5547,0.5558,0.5558,-41
2026-03-29 00:55:30.520,2026-03-29 00:51:44.916,224,0.5553,0.5552,0.5556,0.5555,-29
2026-03-29 00:55:31.079,2026-03-29 00:51:44.916,224,0.5553,0.5552,0.5556,0.5555,-29
2026-03-29 00:55:31.698,2026-03-29 00:51:45.692,1000,0.5549,0.5552,0.5562,0.5559,-31
2026-03-29 00:55:32.258,2026-03-29 00:51:46.385,1693,0.5569,0.5559,0.5565,0.5555,-30
2026-03-29 00:55:32.818,2026-03-29 00:51:47.080,2388,0.5540,0.5552,0.5559,0.5554,-30
2026-03-29 00:55:33.374,2026-03-29 00:51:47.773,3081,0.5549,0.5556,0.5557,0.5556,-30
2026-03-29 00:55:33.937,2026-03-29 00:51:47.773,3081,0.5549,0.5556,0.5557,0.5556,-29
2026-03-29 00:55:34.496,2026-03-29 00:51:48.468,3776,0.5550,0.5549,0.5556,0.5555,-29
2026-03-29 00:55:35.052,2026-03-29 00:51:49.161,4469,0.5546,0.5547,0.5555,0.5558,-29
2026-03-29 00:55:35.670,2026-03-29 00:51:49.856,5164,0.5550,0.5553,0.5563,0.5559,-28
2026-03-29 00:55:36.226,2026-03-29 00:51:50.549,5857,0.5552,0.5553,0.5559,0.5561,-30
2026-03-29 00:55:36.783,2026-03-29 00:51:51.237,6545,0.5582,0.5545,0.5557,0.5547,-31
2026-03-29 00:55:37.324,2026-03-29 00:51:51.237,6545,0.5582,0.5545,0.5557,0.5547,-31
2026-03-29 00:55:37.940,2026-03-29 00:51:51.987,7295,0.5532,0.5548,0.5556,0.5558,-31
2026-03-29 00:55:38.494,2026-03-29 00:51:52.675,7983,0.5554,0.5551,0.5560,0.5556,-30
2026-03-29 00:55:39.046,2026-03-29 00:51:53.361,8669,0.5554,0.5552,0.5553,0.5554,-31
2026-03-29 00:55:39.598,2026-03-29 00:51:54.061,9369,0.5550,0.5549,0.5558,0.5556,-30
2026-03-29 00:55:40.217,2026-03-29 00:51:54.061,9369,0.5550,0.5549,0.5558,0.5556,-31
2026-03-29 00:55:40.778,2026-03-29 00:51:54.751,10059,0.5555,0.5547,0.5555,0.5555,-31
2026-03-29 00:55:41.333,2026-03-29 00:51:55.438,10746,0.5555,0.5552,0.5559,0.5558,-31
2026-03-29 00:55:41.885,2026-03-29 00:51:56.125,11433,0.5526,0.5551,0.5554,0.5546,-32
2026-03-29 00:55:42.441,2026-03-29 00:51:56.812,12120,0.5548,0.5552,0.5560,0.5561,-31
2026-03-29 00:55:43.055,2026-03-29 00:51:56.812,12120,0.5548,0.5552,0.5560,0.5561,-31
2026-03-29 00:55:43.613,2026-03-29 00:51:57.499,12807,0.5553,0.5552,0.5558,0.5557,-32
2026-03-29 00:55:44.171,2026-03-29 00:51:58.251,13559,0.5549,0.5552,0.5558,0.5560,-32
2026-03-29 00:55:44.724,2026-03-29 00:51:58.938,14246,0.5550,0.5550,0.5561,0.5555,-31
2026-03-29 00:55:45.284,2026-03-29 00:51:59.625,14933,0.5549,0.5551,0.5561,0.5560,-31
2026-03-29 00:55:45.840,2026-03-29 00:52:00.312,15620,0.5554,0.5549,0.5559,0.5561,-34
2026-03-29 00:55:46.460,2026-03-29 00:52:00.312,15620,0.5554,0.5549,0.5559,0.5561,-34
2026-03-29 00:55:47.016,2026-03-29 00:52:00.999,16307,0.5553,0.5552,0.5558,0.5556,-34
2026-03-29 00:55:47.574,2026-03-29 00:52:01.686,16994,0.5550,0.5550,0.5563,0.5559,-34
2026-03-29 00:55:48.131,2026-03-29 00:52:02.373,17681,0.5551,0.5551,0.5558,0.5555,-34
2026-03-29 00:55:48.691,2026-03-29 00:52:03.060,18368,0.5550,0.5551,0.5554,0.5555,-34
2026-03-29 00:55:49.248,2026-03-29 00:52:03.060,18368,0.5550,0.5551,0.5554,0.5555,-34
2026-03-29 00:55:49.864,2026-03-29 00:52:03.747,19055,0.5550,0.5553,0.5557,0.5557,-32
2026-03-29 00:55:50.416,2026-03-29 00:52:04.499,19807,0.5552,0.5549,0.5554,0.5552,-34
2026-03-29 00:55:50.973,2026-03-29 00:52:05.189,20497,0.5554,0.5551,0.5559,0.5553,-34
2026-03-29 00:55:51.530,2026-03-29 00:52:05.877,21185,0.5546,0.5548,0.5553,0.5556,-35
2026-03-29 00:55:52.088,2026-03-29 00:52:06.563,21871,0.5552,0.5551,0.5558,0.5556,-35
2026-03-29 00:55:52.702,2026-03-29 00:52:06.563,21871,0.5552,0.5551,0.5558,0.5556,-34
2026-03-29 00:55:53.254,2026-03-29 00:52:07.251,22559,0.5550,0.5550,0.5556,0.5554,-36
2026-03-29 00:55:53.823,2026-03-29 00:52:07.937,23245,0.5550,0.5547,0.5556,0.5554,-34
2026-03-29 00:55:54.398,2026-03-29 00:52:08.625,23933,0.5551,0.5552,0.5555,0.5554,-33
2026-03-29 00:55:54.957,2026-03-29 00:52:09.311,24619,0.5552,0.5551,0.5558,0.5554,-34
2026-03-29 00:55:55.532,2026-03-29 00:52:09.311,24619,0.5552,0.5551,0.5558,0.5554,-33
2026-03-29 00:55:56.085,2026-03-29 00:52:10.065,25373,0.5549,0.5548,0.5558,0.5557,-32
2026-03-29 00:55:56.656,2026-03-29 00:52:10.751,26059,0.5551,0.5551,0.5558,0.5556,-34
2026-03-29 00:55:57.211,2026-03-29 00:52:11.439,26747,0.5550,0.5551,0.5557,0.5554,-33
2026-03-29 00:55:57.827,2026-03-29 00:52:12.125,27433,0.5546,0.5548,0.5556,0.5554,-32
2026-03-29 00:55:58.385,2026-03-29 00:52:12.813,28121,0.5549,0.5551,0.5556,0.5554,-32
2026-03-29 00:55:58.959,2026-03-29 00:52:12.813,28121,0.5549,0.5551,0.5556,0.5554,-33
2026-03-29 00:55:59.527,2026-03-29 00:52:13.499,28807,0.5552,0.5545,0.5557,0.5554,-31
2026-03-29 00:56:00.084,2026-03-29 00:52:14.187,29495,0.5556,0.5550,0.5557,0.5552,-34
2026-03-29 00:56:00.665,2026-03-29 00:52:14.873,30181,0.5553,0.5548,0.5561,0.5556,-36
2026-03-29 00:56:01.226,2026-03-29 00:52:15.645,30953,0.5550,0.5551,0.5555,0.5553,-34
2026-03-29 00:56:01.793,2026-03-29 00:52:15.645,30953,0.5550,0.5551,0.5555,0.5553,-34
2026-03-29 00:56:02.348,2026-03-29 00:52:16.333,31641,0.5551,0.5548,0.5558,0.5554,-35
2026-03-29 00:56:03.039,2026-03-29 00:52:17.021,32329,0.5549,0.5551,0.5556,0.5554,-37
2026-03-29 00:56:03.486,2026-03-29 00:52:17.707,33015,0.5568,0.5547,0.5557,0.5553,-37
2026-03-29 00:56:04.044,2026-03-29 00:52:18.395,33703,0.5549,0.5550,0.5557,0.5554,-38
2026-03-29 00:56:04.619,2026-03-29 00:52:18.395,33703,0.5549,0.5550,0.5557,0.5554,-37
2026-03-29 00:56:05.176,2026-03-29 00:52:19.081,34389,0.5544,0.5547,0.5558,0.5555,-35
2026-03-29 00:56:05.742,2026-03-29 00:52:19.769,35077,0.5548,0.5548,0.5555,0.5553,-36
2026-03-29 00:56:06.316,2026-03-29 00:52:20.455,35763,0.5548,0.5549,0.5558,0.5556,-38
2026-03-29 00:56:06.871,2026-03-29 00:52:21.207,36515,0.5551,0.5548,0.5557,0.5554,-39
2026-03-29 00:56:07.442,2026-03-29 00:52:21.893,37201,0.5548,0.5547,0.5555,0.5556,-36
2026-03-29 00:56:07.998,2026-03-29 00:52:21.893,37201,0.5548,0.5547,0.5555,0.5556,-33
2026-03-29 00:56:08.569,2026-03-29 00:52:22.581,37889,0.5550,0.5547,0.5557,0.5556,-35
2026-03-29 00:56:09.126,2026-03-29 00:52:23.267,38575,0.5552,0.5548,0.5557,0.5556,-35
2026-03-29 00:56:09.695,2026-03-29 00:52:23.955,39263,0.5549,0.5551,0.5558,0.5554,-33
2026-03-29 00:56:10.313,2026-03-29 00:52:24.641,39949,0.5548,0.5549,0.5557,0.5552,-34
2026-03-29 00:56:10.871,2026-03-29 00:52:24.641,39949,0.5548,0.5549,0.5557,0.5552,-34
2026-03-29 00:56:11.444,2026-03-29 00:52:25.332,40640,0.5550,0.5551,0.5557,0.5556,-35
2026-03-29 00:56:12.000,2026-03-29 00:52:26.019,41327,0.5546,0.5547,0.5557,0.5555,-33
2026-03-29 00:56:12.572,2026-03-29 00:52:26.706,42014,0.5550,0.5549,0.5558,0.5553,-32
2026-03-29 00:56:13.191,2026-03-29 00:52:27.459,42767,0.5547,0.5552,0.5559,0.5549,-32
2026-03-29 00:56:13.685,2026-03-29 00:52:28.146,43454,0.5554,0.5548,0.5557,0.5554,-30
2026-03-29 00:56:14.245,2026-03-29 00:52:28.146,43454,0.5554,0.5548,0.5557,0.5554,-29
2026-03-29 00:56:14.816,2026-03-29 00:52:28.833,44141,0.5547,0.5552,0.5553,0.5554,-29
2026-03-29 00:56:15.434,2026-03-29 00:52:29.520,44828,0.5547,0.5551,0.5560,0.5554,-32
2026-03-29 00:56:15.991,2026-03-29 00:52:30.207,45515,0.5550,0.5550,0.5556,0.5554,-33
2026-03-29 00:56:16.565,2026-03-29 00:52:30.894,46202,0.5548,0.5549,0.5555,0.5552,-31
2026-03-29 00:56:17.123,2026-03-29 00:52:30.894,46202,0.5548,0.5549,0.5555,0.5552,-33
2026-03-29 00:56:17.678,2026-03-29 00:52:31.581,46889,0.5547,0.5546,0.5560,0.5556,-34
2026-03-29 00:56:18.230,2026-03-29 00:52:32.268,47576,0.5541,0.5548,0.5558,0.5554,-35
2026-03-29 00:56:18.800,2026-03-29 00:52:32.955,48263,0.5540,0.5552,0.5559,0.5557,-34
2026-03-29 00:56:19.373,2026-03-29 00:52:33.707,49015,0.5555,0.5548,0.5557,0.5555,-34
2026-03-29 00:56:19.930,2026-03-29 00:52:34.394,49702,0.5545,0.5549,0.5551,0.5553,-33
2026-03-29 00:56:20.488,2026-03-29 00:52:34.394,49702,0.5545,0.5549,0.5551,0.5553,-33
2026-03-29 00:56:21.109,2026-03-29 00:52:35.081,50389,0.5546,0.5550,0.5556,0.5556,-33
2026-03-29 00:56:21.663,2026-03-29 00:52:35.772,51080,0.5551,0.5548,0.5560,0.5552,-33
2026-03-29 00:56:22.219,2026-03-29 00:52:36.458,51766,0.5550,0.5550,0.5558,0.5553,-33
2026-03-29 00:56:22.774,2026-03-29 00:52:37.146,52454,0.5551,0.5549,0.5558,0.5553,-34
2026-03-29 00:56:23.333,2026-03-29 00:52:37.146,52454,0.5551,0.5549,0.5558,0.5553,-32
2026-03-29 00:56:23.907,2026-03-29 00:52:37.832,53140,0.5551,0.5547,0.5556,0.5555,-32
2026-03-29 00:56:24.464,2026-03-29 00:52:38.520,53828,0.5549,0.5547,0.5558,0.5556,-32
2026-03-29 00:56:25.086,2026-03-29 00:52:39.271,54579,0.5550,0.5551,0.5557,0.5556,-32
2026-03-29 00:56:25.644,2026-03-29 00:52:39.959,55267,0.5547,0.5547,0.5555,0.5556,-32
2026-03-29 00:56:26.206,2026-03-29 00:52:40.645,55953,0.5549,0.5549,0.5559,0.5556,-32
2026-03-29 00:56:26.775,2026-03-29 00:52:40.645,55953,0.5549,0.5549,0.5559,0.5556,-34
2026-03-29 00:56:27.330,2026-03-29 00:52:41.333,56641,0.5552,0.5547,0.5560,0.5554,-33
2026-03-29 00:56:27.898,2026-03-29 00:52:42.019,57327,0.5543,0.5550,0.5561,0.5558,-32
2026-03-29 00:56:28.470,2026-03-29 00:52:42.707,58015,0.5555,0.5550,0.5555,0.5554,-33
2026-03-29 00:56:29.029,2026-03-29 00:52:43.393,58701,0.5549,0.5548,0.5561,0.5554,-33
2026-03-29 00:56:29.599,2026-03-29 00:52:43.393,58701,0.5549,0.5548,0.5561,0.5554,-32
2026-03-29 00:56:30.155,2026-03-29 00:52:44.081,59389,0.5548,0.5549,0.5558,0.5555,-31
2026-03-29 00:56:30.724,2026-03-29 00:52:44.767,60075,0.5550,0.5549,0.5558,0.5554,-33
2026-03-29 00:56:31.281,2026-03-29 00:52:45.523,60831,0.5542,0.5542,0.5559,0.5556,-35
2026-03-29 00:56:31.854,2026-03-29 00:52:46.210,61518,0.5554,0.5549,0.5556,0.5552,-35
2026-03-29 00:56:32.421,2026-03-29 00:52:46.897,62205,0.5548,0.5551,0.5558,0.5556,-34
2026-03-29 00:56:33.036,2026-03-29 00:52:46.897,62205,0.5548,0.5551,0.5558,0.5556,-33
2026-03-29 00:56:33.590,2026-03-29 00:52:47.584,62892,0.5548,0.5549,0.5556,0.5554,-31
2026-03-29 00:56:34.146,2026-03-29 00:52:48.271,63579,0.5551,0.5549,0.5558,0.5555,-32
2026-03-29 00:56:34.719,2026-03-29 00:52:48.958,64266,0.5550,0.5548,0.5555,0.5555,-34
2026-03-29 00:56:35.275,2026-03-29 00:52:49.645,64953,0.5548,0.5549,0.5556,0.5555,-35
2026-03-29 00:56:35.846,2026-03-29 00:52:49.645,64953,0.5548,0.5549,0.5556,0.5555,-35
2026-03-29 00:56:36.403,2026-03-29 00:52:50.332,65640,0.5548,0.5550,0.5556,0.5555,-35
2026-03-29 00:56:36.977,2026-03-29 00:52:51.019,66327,0.5547,0.5548,0.5559,0.5556,-34
2026-03-29 00:56:37.532,2026-03-29 00:52:51.771,67079,0.5550,0.5546,0.5557,0.5555,-34
2026-03-29 00:56:38.089,2026-03-29 00:52:52.458,67766,0.5545,0.5548,0.5559,0.5556,-33
2026-03-29 00:56:38.662,2026-03-29 00:52:52.458,67766,0.5545,0.5548,0.5559,0.5556,-35
2026-03-29 00:56:39.279,2026-03-29 00:52:53.145,68453,0.5550,0.5546,0.5557,0.5557,-31
2026-03-29 00:56:39.833,2026-03-29 00:52:53.832,69140,0.5549,0.5549,0.5559,0.5554,-33
2026-03-29 00:56:40.390,2026-03-29 00:52:54.519,69827,0.5549,0.5548,0.5559,0.5557,-33
2026-03-29 00:56:40.949,2026-03-29 00:52:55.206,70514,0.5549,0.5547,0.5555,0.5557,-34
2026-03-29 00:56:41.524,2026-03-29 00:52:55.897,71205,0.5550,0.5550,0.5557,0.5552,-30
2026-03-29 00:56:42.077,2026-03-29 00:52:55.897,71205,0.5550,0.5550,0.5557,0.5552,-30
2026-03-29 00:56:42.648,2026-03-29 00:52:56.583,71891,0.5549,0.5548,0.5558,0.5556,-33
2026-03-29 00:56:43.222,2026-03-29 00:52:57.336,72644,0.5548,0.5549,0.5556,0.5555,-32
2026-03-29 00:56:43.791,2026-03-29 00:52:58.022,73330,0.5537,0.5546,0.5558,0.5554,-32
2026-03-29 00:56:44.349,2026-03-29 00:52:58.710,74018,0.5551,0.5545,0.5556,0.5551,-34
2026-03-29 00:56:44.904,2026-03-29 00:52:58.710,74018,0.5551,0.5545,0.5556,0.5551,-34
2026-03-29 00:56:45.642,2026-03-29 00:52:59.396,74704,0.5549,0.5550,0.5559,0.5555,-37
2026-03-29 00:56:46.078,2026-03-29 00:53:00.084,75392,0.5562,0.5548,0.5559,0.5555,-36
2026-03-29 00:56:46.650,2026-03-29 00:53:00.770,76078,0.5547,0.5548,0.5555,0.5554,-35
2026-03-29 00:56:47.221,2026-03-29 00:53:01.458,76766,0.5548,0.5546,0.5556,0.5554,-37
2026-03-29 00:56:47.776,2026-03-29 00:53:02.144,77452,0.5548,0.5550,0.5556,0.5555,-38
2026-03-29 00:56:48.329,2026-03-29 00:53:02.144,77452,0.5548,0.5550,0.5556,0.5555,-36
2026-03-29 00:56:48.884,2026-03-29 00:53:02.832,78140,0.5544,0.5548,0.5557,0.5554,-34
2026-03-29 00:56:49.505,2026-03-29 00:53:03.581,78889,0.5550,0.5548,0.5556,0.5554,-34
2026-03-29 00:56:50.061,2026-03-29 00:53:04.269,79577,0.5550,0.5547,0.5555,0.5553,-31
2026-03-29 00:56:50.633,2026-03-29 00:53:04.955,80263,0.5550,0.5547,0.5557,0.5553,-31
2026-03-29 00:56:51.190,2026-03-29 00:53:04.955,80263,0.5550,0.5547,0.5557,0.5553,-32
2026-03-29 00:56:51.751,2026-03-29 00:53:05.643,80951,0.5548,0.5549,0.5556,0.5553,-33
2026-03-29 00:56:52.306,2026-03-29 00:53:06.333,81641,0.5543,0.5549,0.5556,0.5553,-34
2026-03-29 00:56:52.860,2026-03-29 00:53:07.020,82328,0.5550,0.5547,0.5556,0.5551,-34
2026-03-29 00:56:53.479,2026-03-29 00:53:07.707,83015,0.5547,0.5543,0.5554,0.5552,-34
2026-03-29 00:56:54.036,2026-03-29 00:53:08.394,83702,0.5549,0.5544,0.5555,0.5552,-34
2026-03-29 00:56:54.608,2026-03-29 00:53:08.394,83702,0.5549,0.5544,0.5555,0.5552,-34
2026-03-29 00:56:55.222,2026-03-29 00:53:09.081,84389,0.5548,0.5548,0.5556,0.5552,-34
2026-03-29 00:56:55.713,2026-03-29 00:53:09.833,85141,0.5543,0.5546,0.5555,0.5557,-34
2026-03-29 00:56:56.286,2026-03-29 00:53:10.520,85828,0.5547,0.5546,0.5553,0.5549,-34
2026-03-29 00:56:56.860,2026-03-29 00:53:11.207,86515,0.5549,0.5543,0.5555,0.5553,-34
2026-03-29 00:56:57.416,2026-03-29 00:53:11.207,86515,0.5549,0.5543,0.5555,0.5553,-34
2026-03-29 00:56:57.973,2026-03-29 00:53:11.894,87202,0.5546,0.5544,0.5553,0.5551,-33
2026-03-29 00:56:58.589,2026-03-29 00:53:12.581,87889,0.5547,0.5546,0.5554,0.5553,-33
2026-03-29 00:56:59.149,2026-03-29 00:53:13.268,88576,0.5544,0.5547,0.5557,0.5552,-33
2026-03-29 00:56:59.718,2026-03-29 00:53:13.955,89263,0.5548,0.5547,0.5554,0.5552,-32
2026-03-29 00:57:00.291,2026-03-29 00:53:14.642,89950,0.5544,0.5544,0.5554,0.5551,-32
2026-03-29 00:57:00.849,2026-03-29 00:53:14.642,89950,0.5544,0.5544,0.5554,0.5551,-32
2026-03-29 00:57:01.407,2026-03-29 00:53:15.329,90637,0.5545,0.5544,0.5556,0.5551,-32
2026-03-29 00:57:01.976,2026-03-29 00:53:16.125,91433,0.5548,0.5545,0.5554,0.5552,-32
2026-03-29 00:57:02.515,2026-03-29 00:53:16.811,92119,0.5546,0.5543,0.5555,0.5550,-34
2026-03-29 00:57:03.133,2026-03-29 00:53:17.499,92807,0.5547,0.5545,0.5551,0.5549,-33
2026-03-29 00:57:03.690,2026-03-29 00:53:17.499,92807,0.5547,0.5545,0.5551,0.5549,-41
2026-03-29 00:57:04.261,2026-03-29 00:53:18.185,93493,0.5546,0.5546,0.5553,0.5550,-50
2026-03-29 00:57:04.814,2026-03-29 00:53:18.873,94181,0.5546,0.5546,0.5555,0.5550,-42
2026-03-29 00:57:05.356,2026-03-29 00:53:19.559,94867,0.5545,0.5545,0.5551,0.5549,-41
2026-03-29 00:57:05.976,2026-03-29 00:53:20.247,95555,0.5544,0.5543,0.5554,0.5548,-41
2026-03-29 00:57:06.661,2026-03-29 00:53:20.933,96241,0.5546,0.5545,0.5553,0.5551,-34
2026-03-29 00:57:07.109,2026-03-29 00:53:20.933,96241,0.5546,0.5545,0.5553,0.5551,-32
2026-03-29 00:57:07.679,2026-03-29 00:53:21.621,96929,0.5543,0.5543,0.5551,0.5548,-34
2026-03-29 00:57:08.231,2026-03-29 00:53:22.307,97615,0.5545,0.5541,0.5551,0.5549,-34
2026-03-29 00:57:08.800,2026-03-29 00:53:22.995,98303,0.5545,0.5542,0.5552,0.5546,-34
2026-03-29 00:57:09.368,2026-03-29 00:53:23.681,98989,0.5541,0.5543,0.5551,0.5548,-34
2026-03-29 00:57:09.922,2026-03-29 00:53:24.369,99677,0.5541,0.5545,0.5551,0.5548,-34
2026-03-29 00:57:10.478,2026-03-29 00:53:24.369,99677,0.5541,0.5545,0.5551,0.5548,-33
2026-03-29 00:57:11.092,2026-03-29 00:53:25.055,100363,0.5543,0.5544,0.5551,0.5545,-32
2026-03-29 00:57:11.651,2026-03-29 00:53:25.743,101051,0.5541,0.5543,0.5551,0.5546,-33
2026-03-29 00:57:12.206,2026-03-29 00:53:26.433,101741,0.5543,0.5540,0.5550,0.5544,-34
2026-03-29 00:57:12.760,2026-03-29 00:53:27.120,102428,0.5543,0.5539,0.5551,0.5547,-34
2026-03-29 00:57:13.335,2026-03-29 00:53:27.120,102428,0.5543,0.5539,0.5551,0.5547,-34
2026-03-29 00:57:13.911,2026-03-29 00:53:27.807,103115,0.5541,0.5540,0.5548,0.5545,-34
2026-03-29 00:57:14.470,2026-03-29 00:53:28.494,103802,0.5544,0.5539,0.5548,0.5546,-34
2026-03-29 00:57:15.027,2026-03-29 00:53:29.181,104489,0.5541,0.5542,0.5548,0.5544,-34
2026-03-29 00:57:15.585,2026-03-29 00:53:29.868,105176,0.5539,0.5541,0.5547,0.5546,-34
2026-03-29 00:57:16.264,2026-03-29 00:53:30.555,105863,0.5541,0.5539,0.5549,0.5545,-34
2026-03-29 00:57:16.712,2026-03-29 00:53:30.555,105863,0.5541,0.5539,0.5549,0.5545,-34
2026-03-29 00:57:17.286,2026-03-29 00:53:31.242,106550,0.5540,0.5539,0.5549,0.5542,-34
2026-03-29 00:57:17.907,2026-03-29 00:53:31.929,107237,0.5541,0.5540,0.5547,0.5540,-34
2026-03-29 00:57:18.419,2026-03-29 00:53:32.616,107924,0.5538,0.5538,0.5550,0.5546,-37
2026-03-29 00:57:19.041,2026-03-29 00:53:33.303,108611,0.5541,0.5539,0.5550,0.5545,-37
2026-03-29 00:57:19.595,2026-03-29 00:53:33.990,109298,0.5538,0.5539,0.5548,0.5543,-34
2026-03-29 00:57:20.151,2026-03-29 00:53:33.990,109298,0.5538,0.5539,0.5548,0.5543,-34
2026-03-29 00:57:20.847,2026-03-29 00:53:34.677,109985,0.5539,0.5539,0.5546,0.5541,-34
2026-03-29 00:57:21.298,2026-03-29 00:53:35.364,110672,0.5541,0.5538,0.5544,0.5541,-34
2026-03-29 00:57:21.868,2026-03-29 00:53:36.074,111382,0.5541,0.5538,0.5549,0.5545,-34
2026-03-29 00:57:22.440,2026-03-29 00:53:36.763,112071,0.5540,0.5537,0.5547,0.5542,-34
2026-03-29 00:57:22.999,2026-03-29 00:53:36.763,112071,0.5540,0.5537,0.5547,0.5542,-34
2026-03-29 00:57:23.557,2026-03-29 00:53:37.450,112758,0.5539,0.5536,0.5548,0.5542,-34
2026-03-29 00:57:24.114,2026-03-29 00:53:38.137,113445,0.5539,0.5536,0.5545,0.5543,-34
2026-03-29 00:57:24.671,2026-03-29 00:53:38.824,114132,0.5539,0.5540,0.5549,0.5542,-34
2026-03-29 00:57:25.243,2026-03-29 00:53:39.511,114819,0.5539,0.5539,0.5548,0.5540,-34
2026-03-29 00:57:25.800,2026-03-29 00:53:40.198,115506,0.5540,0.5536,0.5547,0.5542,-34
2026-03-29 00:57:26.414,2026-03-29 00:53:40.198,115506,0.5540,0.5536,0.5547,0.5542,-34
2026-03-29 00:57:26.971,2026-03-29 00:53:40.885,116193,0.5540,0.5538,0.5546,0.5542,-34
2026-03-29 00:57:27.513,2026-03-29 00:53:41.572,116880,0.5541,0.5537,0.5546,0.5541,-34
2026-03-29 00:57:28.072,2026-03-29 00:53:42.259,117567,0.5537,0.5537,0.5544,0.5537,-34
2026-03-29 00:57:28.688,2026-03-29 00:53:42.946,118254,0.5539,0.5535,0.5543,0.5535,-34
2026-03-29 00:57:29.243,2026-03-29 00:53:43.633,118941,0.5537,0.5535,0.5544,0.5541,-34
2026-03-29 00:57:29.816,2026-03-29 00:53:43.633,118941,0.5537,0.5535,0.5544,0.5541,-35
2026-03-29 00:57:30.449,2026-03-29 00:53:44.320,119628,0.5543,0.5533,0.5542,0.5540,-35
2026-03-29 00:57:30.961,2026-03-29 00:53:45.007,120315,0.6008,0.5550,0.5561,0.5550,-34
2026-03-29 00:57:31.535,2026-03-29 00:53:45.698,121006,0.6297,0.5536,0.5547,0.5547,-36
2026-03-29 00:57:32.088,2026-03-29 00:53:46.384,121692,0.5940,0.5529,0.5546,0.5536,-33
2026-03-29 00:57:32.648,2026-03-29 00:53:47.072,122380,0.5538,0.5535,0.5547,0.5538,-33
2026-03-29 00:57:33.218,2026-03-29 00:53:47.072,122380,0.5538,0.5535,0.5547,0.5538,-33
2026-03-29 00:57:33.774,2026-03-29 00:53:47.758,123066,0.5533,0.5533,0.5543,0.5537,-33
2026-03-29 00:57:34.349,2026-03-29 00:53:48.446,123754,0.5537,0.5536,0.5545,0.5534,-33
2026-03-29 00:57:34.919,2026-03-29 00:53:49.132,124440,0.5536,0.5537,0.5548,0.5540,-33
2026-03-29 00:57:35.476,2026-03-29 00:53:49.820,125128,0.5540,0.5533,0.5546,0.5539,-32
2026-03-29 00:57:36.034,2026-03-29 00:53:50.506,125814,0.5536,0.5535,0.5547,0.5539,-33
2026-03-29 00:57:36.591,2026-03-29 00:53:50.506,125814,0.5536,0.5535,0.5547,0.5539,-34
2026-03-29 00:57:37.207,2026-03-29 00:53:51.194,126502,0.5537,0.5538,0.5544,0.5539,-31
2026-03-29 00:57:37.761,2026-03-29 00:53:51.880,127188,0.5538,0.5539,0.5548,0.5540,-32
2026-03-29 00:57:38.332,2026-03-29 00:53:52.568,127876,0.5537,0.5536,0.5544,0.5539,-35
2026-03-29 00:57:38.909,2026-03-29 00:53:53.254,128562,0.5539,0.5533,0.5541,0.5541,-34
2026-03-29 00:57:39.464,2026-03-29 00:53:53.254,128562,0.5539,0.5533,0.5541,0.5541,-38
2026-03-29 00:57:40.020,2026-03-29 00:53:53.942,129250,0.5542,0.5539,0.5549,0.5542,-34
2026-03-29 00:57:40.573,2026-03-29 00:53:54.628,129936,0.5541,0.5537,0.5547,0.5538,-36
2026-03-29 00:57:41.189,2026-03-29 00:53:55.316,130624,0.5525,0.5535,0.5542,0.5536,-35
2026-03-29 00:57:41.748,2026-03-29 00:53:56.006,131314,0.5538,0.5538,0.5546,0.5539,-32
2026-03-29 00:57:42.319,2026-03-29 00:53:56.693,132001,0.5536,0.5534,0.5549,0.5540,-35
2026-03-29 00:57:42.877,2026-03-29 00:53:56.693,132001,0.5536,0.5534,0.5549,0.5540,-37
2026-03-29 00:57:43.448,2026-03-29 00:53:57.380,132688,0.5536,0.5535,0.5545,0.5540,-34
2026-03-29 00:57:44.008,2026-03-29 00:53:58.067,133375,0.5537,0.5537,0.5544,0.5539,-31
2026-03-29 00:57:44.579,2026-03-29 00:53:58.754,134062,0.5540,0.5537,0.5548,0.5539,-33
2026-03-29 00:57:45.138,2026-03-29 00:53:59.441,134749,0.5538,0.5537,0.5547,0.5540,-35
2026-03-29 00:57:45.694,2026-03-29 00:54:00.128,135436,0.5535,0.5538,0.5545,0.5538,-35
2026-03-29 00:57:46.249,2026-03-29 00:54:00.128,135436,0.5535,0.5538,0.5545,0.5538,-33
2026-03-29 00:57:46.864,2026-03-29 00:54:00.815,136123,0.5541,0.5537,0.5546,0.5539,-38
2026-03-29 00:57:47.394,2026-03-29 00:54:01.502,136810,0.5538,0.5537,0.5548,0.5537,-35
2026-03-29 00:57:47.977,2026-03-29 00:54:02.189,137497,0.5537,0.5535,0.5545,0.5540,-34
2026-03-29 00:57:48.539,2026-03-29 00:54:02.876,138184,0.5536,0.5533,0.5545,0.5537,-36
2026-03-29 00:57:49.142,2026-03-29 00:54:03.563,138871,0.5540,0.5538,0.5546,0.5539,-36
2026-03-29 00:57:49.657,2026-03-29 00:54:03.563,138871,0.5540,0.5538,0.5546,0.5539,-35
2026-03-29 00:57:50.266,2026-03-29 00:54:04.250,139558,0.5534,0.5538,0.5546,0.5540,-36
2026-03-29 00:57:50.807,2026-03-29 00:54:04.937,140245,0.5539,0.5537,0.5546,0.5540,-36
2026-03-29 00:57:51.421,2026-03-29 00:54:05.628,140936,0.5536,0.5537,0.5548,0.5539,-34
2026-03-29 00:57:51.973,2026-03-29 00:54:06.314,141622,0.5537,0.5539,0.5549,0.5540,-35
2026-03-29 00:57:52.566,2026-03-29 00:54:07.002,142310,0.5540,0.5534,0.5547,0.5543,-34
2026-03-29 00:57:53.170,2026-03-29 00:54:07.002,142310,0.5540,0.5534,0.5547,0.5543,-34
2026-03-29 00:57:53.663,2026-03-29 00:54:07.688,142996,0.5538,0.5538,0.5545,0.5540,-33
2026-03-29 00:57:54.239,2026-03-29 00:54:08.376,143684,0.5539,0.5538,0.5551,0.5540,-34
2026-03-29 00:57:54.856,2026-03-29 00:54:09.062,144370,0.5543,0.5539,0.5548,0.5542,-33
2026-03-29 00:57:55.426,2026-03-29 00:54:09.750,145058,0.5539,0.5540,0.5544,0.5541,-31
2026-03-29 00:57:55.985,2026-03-29 00:54:09.750,145058,0.5539,0.5540,0.5544,0.5541,-33
2026-03-29 00:57:56.562,2026-03-29 00:54:10.436,145744,0.5541,0.5539,0.5544,0.5540,-34
2026-03-29 00:57:57.119,2026-03-29 00:54:11.124,146432,0.5537,0.5537,0.5548,0.5538,-31
2026-03-29 00:57:57.799,2026-03-29 00:54:11.810,147118,0.5539,0.5540,0.5547,0.5541,-36
2026-03-29 00:57:58.247,2026-03-29 00:54:12.498,147806,0.5540,0.5538,0.5550,0.5540,-36
2026-03-29 00:57:58.807,2026-03-29 00:54:13.184,148492,0.5538,0.5537,0.5548,0.5539,-34
2026-03-29 00:57:59.379,2026-03-29 00:54:13.184,148492,0.5538,0.5537,0.5548,0.5539,-36
2026-03-29 00:57:59.935,2026-03-29 00:54:13.872,149180,0.5538,0.5539,0.5544,0.5536,-32
2026-03-29 00:58:00.502,2026-03-29 00:54:14.558,149866,0.5543,0.5538,0.5546,0.5540,-32
2026-03-29 00:58:01.057,2026-03-29 00:54:15.249,150557,0.5540,0.5540,0.5544,0.5542,-32
2026-03-29 00:58:01.628,2026-03-29 00:54:15.936,151244,0.5537,0.5537,0.5546,0.5538,-32
2026-03-29 00:58:02.189,2026-03-29 00:54:16.623,151931,0.5540,0.5536,0.5545,0.5543,-30
2026-03-29 00:58:02.759,2026-03-29 00:54:16.623,151931,0.5540,0.5536,0.5545,0.5543,-30
